"Hostname","IP de Conexión","Marca","Modelo","Nombre","Puerto de Conexión","Status","Usuario Core","Activar Radius","Activar Vlans Core","Activo","Activos","Asignar MAC para CALLER ID","Astate","Asset Type","Calle","Clave PPPoE","Codigo interno","Codigo Postal","Color","CVLAN","Desactivar Core","Desactivar OLT","Descripción","DHCP Leases","Display Name","Edificio/Zona","Ejecutado desde el Botón","Extraer IP ARP","Extraer IP Lease","Fecha de Geolocalización","Fecha de Instalación","Fibra Óptica","Firmware Version","FTTB","Generado?","Gestión de Cola Padre","Habilitar múltiples Vlans","Habilitar Dhcp Static","ID externo","Interface","IP Address","Is Follower","Latitud","Longitud","Marca/ID externo","Mikrotik Radius","Mostrar MAC","Nodo/ID externo","Nodos/ID externo","Notes","Number of Actions","Number of errors","Número","Password","Password Nass","Password PPPoE","Pool de IPs Único","Poolip","Portal Access URL","PPPoE Medio Inalámbrico","Profile PPPoE","Profiles VSOL","Puerto COA","Puerto por Tarjeta","Radius Server IP","Radius Shared Secret","Reconexión IP+Address-List","Security Token","Simple Queues","Serial Number","SMS Delivery error","Suspendidos","Tarjeta Slot","SVLAN","Tipo de Conexión","Tipos de Control","Usar Pool Dinámico","Tipo","User PROFILE","Versión Software","Vlans única"
"Altagracia","","Mikrotik","CCR2116-12G-4S+","ALTG/CR1","","Activo","","True","","True","","","new","core","","","","","","","","","mk","","ALTG/CR1 (YourCompany)","","","","","","","","","","","","","","__export__.isp_core_143_f5d8dae5","","","","0.0","0.0","ayni_networks.mk","","","__export__.isp_node_34_cc0a003f","","","0","0","","","c273470aaf6bdf15a4e7068b1ddf5f4649d7748b","","","","#","","","","1700","0","","","","","","","","","0","","ssh","","","Inactivo","","7.8",""
"BrisavilaFibra","","Mikrotik","CCR2116-12G-4S+","BSVL/CR1","","Activo","","True","","True","","","new","core","","","","","","","","","mk","","BSVL/CR1 (YourCompany)","","","","","","","","","","","","","","__export__.isp_core_144_63d5c407","","","","0.0","0.0","ayni_networks.mk","","","__export__.isp_node_35_c0b750fd","","","0","0","","","09caeecc71341228ab6bd9d081901bc9d9ec3bbd","","","","#","","","","1700","0","","","","","","","","","0","","ssh","","","Inactivo","","7.8",""
"Carapita","","Mikrotik","CCR2116-12G-4S+","CRPT/CR6","","Down","","True","","True","","","new","core","","","","","","","","","mk","","CRPT/CR6 (YourCompany)","","","","","","","","","","","","","","__export__.isp_core_145_f686f28a","","","","0.0","0.0","ayni_networks.mk","","","__export__.isp_node_36_3a8b68ad","","","0","0","","","","","","","#","","","","","0","","","","","","","","","0","","ssh","","","Inactivo","","7.8",""
"Access-Coche-01","","Mikrotik","CCR2004-16G-2S+","COCH/CR1","","Activo","","True","","True","","","new","core","","","","","","","","","mk","","COCH/CR1 (YourCompany)","","","","","","","","","","","","","","__export__.isp_core_146_248d5ac0","","","","0.0","0.0","ayni_networks.mk","","","__export__.isp_node_37_4c1f810c","","","0","0","","","b78241bc5b3cf89f9af3bbb86cde787cf7427763","","","","#","","","","1700","0","","","","","","","","","0","","ssh","","","Inactivo","","7.3.1",""
"HaHumboldtFibra","","Mikrotik","CCR2116-12G-4S+","HCHB/CR1","","Activo","","True","","True","","","new","core","","","","","","","","","mk","","HCHB/CR1 (YourCompany)","","","","","","","","","","","","","","__export__.isp_core_147_fa27c6c9","","","","0.0","0.0","ayni_networks.mk","","","__export__.isp_node_38_b7eb6362","","","0","0","","","8bc6ec1d340c9851ffd3666bab22eab6dd38ce8d","","","","#","","","","1700","0","","","","","","","","","0","","ssh","","","Inactivo","","7.16.1",""
"LaPaz","","Mikrotik","CCR2004-16G-2S+","LPAZ/CR1","","Down","","True","","True","","","new","core","","","","","","","","","mk","","LPAZ/CR1 (YourCompany)","","","","","","","","","","","","","","__export__.isp_core_148_46d96c3a","","","","0.0","0.0","ayni_networks.mk","","","__export__.isp_node_39_ae08259d","","","0","0","","","bba59ab52646e966af00237a6c1a19acf39e9318","","","","#","","","","1700","0","","","","","","","","","0","","ssh","","","Inactivo","","7.6",""
"Nikanor","","Mikrotik","CCR2004-16G-2S+","NIKN/CR1","","Down","","True","","True","","","new","core","","","","","","","","","mk","","NIKN/CR1 (YourCompany)","","","","","","","","","","","","","","__export__.isp_core_149_f12ad124","","","","0.0","0.0","ayni_networks.mk","","","__export__.isp_node_40_9274031b","","","0","0","","","fdde0f93db7102c587e3710ca6f668c06c4fdead","","","","#","","","","1700","0","","","","","","","","","0","","ssh","","","Inactivo","","7.16.1",""
"ParqueCentral","","Mikrotik","CCR2116-12G-4S+","PQCT/CR1","","Activo","","True","","True","","","new","core","","","","","","","","","mk","","PQCT/CR1 (YourCompany)","","","","","","","","","","","","","","__export__.isp_core_150_761daf59","","","","0.0","0.0","ayni_networks.mk","","","__export__.isp_node_41_6d8bdb77","","","0","0","","","a33af32f8ecb804270622bbfbfaab50899dc35b2","","","","#","","","","1700","0","","","","","","","","","0","","ssh","","","Inactivo","","7.16.2",""
"Oficina-Silverdata","","Mikrotik","CCR1016-12G","SVDT/CR1","","Activo","","True","","True","","","new","core","","","","","","","","","mk","","SVDT/CR1 (YourCompany)","","","","","","","","","","","","","","__export__.isp_core_151_c99e00a7","","","","0.0","0.0","ayni_networks.mk","","","__export__.isp_node_42_d659b769","","","0","0","","","95b5f38034cd4960e1d01824fd781eeae26b0601","","","","#","","","","1700","0","","","","","","","","","0","","ssh","","","Inactivo","","6.49.18",""
"679","","Mikrotik","RB4011iGS+","679/CR1","","Down","","True","","True","","","new","core","","","","","","","","","mk","","679/CR1 (YourCompany)","","","","","","","","","","","","","","__export__.isp_core_152_1cc808a4","","","","0.0","0.0","ayni_networks.mk","","","__export__.isp_node_22_b22f67ea","","","0","0","","","fa480cc837fb835bb4e696507453523c0b3b5877","","","","#","","","","1700","0","","","","","","","","","0","","ssh","","","IP Asiganada por el sistema","","6.49.17",""
"Vaisy","","Mikrotik","RB4011iGS+","VSY/CR1","","Activo","","True","","True","","","new","core","","","","","","","","","mk","","VSY/CR1 (YourCompany)","","","","","","","","","","","","","","__export__.isp_core_154_4cb1084f","","","","0.0","0.0","ayni_networks.mk","","","__export__.isp_node_114_becf636f","","","0","0","","","95120b0cb8dec839157d956edd5bc9bb1cec9cc6","","","","#","","","","1700","0","","","","","","","","","0","","ssh","","","IP Asiganada por el sistema","","7.13.4",""
"Brisavila","","Mikrotik","CCR2004-16G-2S+","BSVL/CR2","","Activo","","True","","True","","","new","core","","","","","","","","","mk","","BSVL/CR2 (YourCompany)","","","","","","","","","","","","","","__export__.isp_core_156_75c5fcd5","","","","0.0","0.0","ayni_networks.mk","","","__export__.isp_node_35_c0b750fd","","","0","0","","","Ls5GexUdXh8mZYMSJC79Kt","","","","#","","","","1700","0","","","","","","","","","0","","ssh","","","IP Asiganada por el sistema","","7.16.1",""
"EdifGuillernoV","","Mikrotik","hEX S","BSVL/CR3","","Activo","","True","","True","","","new","core","","","","","","","","","mk","","BSVL/CR3 (YourCompany)","","","","","","","","","","","","","","__export__.isp_core_157_af38707a","","","","0.0","0.0","ayni_networks.mk","","","__export__.isp_node_35_c0b750fd","","","0","0","","","b59b27ff98a46c72a0069d88b68594d66068b846","","","","#","","","","1700","0","","","","","","","","","0","","ssh","","","IP Asiganada por el sistema","","6.49.17",""
"EdifLozada","","Mikrotik","hEX S","BSVL/CR4","","Activo","","True","","True","","","new","core","","","","","","","","","mk","","BSVL/CR4 (YourCompany)","","","","","","","","","","","","","","__export__.isp_core_158_b94d4fe8","","","","0.0","0.0","ayni_networks.mk","","","__export__.isp_node_35_c0b750fd","","","0","0","","","713c13624357855d22d4e1985b69647c5f6d46dc","","","","#","","","","1700","0","","","","","","","","","0","","ssh","","","IP Asiganada por el sistema","","6.49.17",""
"EdifLuisaCaceres","","Mikrotik","hEX","BSVL/CR5","","Activo","","True","","True","","","new","core","","","","","","","","","mk","","BSVL/CR5 (YourCompany)","","","","","","","","","","","","","","__export__.isp_core_159_e6d1b691","","","","0.0","0.0","ayni_networks.mk","","","__export__.isp_node_35_c0b750fd","","","0","0","","","62300b758bea02e18010a44e9c0451630aa7b6df","","","","#","","","","1700","0","","","","","","","","","0","","ssh","","","IP Asiganada por el sistema","","6.49.17",""
"EdifDarijak","","Mikrotik","hEX","BSVL/CR6","","Activo","","True","","True","","","new","core","","","","","","","","","mk","","BSVL/CR6 (YourCompany)","","","","","","","","","","","","","","__export__.isp_core_160_4c9590a3","","","","0.0","0.0","ayni_networks.mk","","","__export__.isp_node_35_c0b750fd","","","0","0","","","4c3bf2ca2ab7c25772f61c66e5aaad09b42e9cd9","","","","#","","","","1700","0","","","","","","","","","0","","ssh","","","IP Asiganada por el sistema","","6.49.17",""
"EdifJunin","","Mikrotik","hEX","BSVL/CR7","","Activo","","True","","True","","","new","core","","","","","","","","","mk","","BSVL/CR7 (YourCompany)","","","","","","","","","","","","","","__export__.isp_core_161_a9a6493b","","","","0.0","0.0","ayni_networks.mk","","","__export__.isp_node_35_c0b750fd","","","0","0","","","8a792ece58ff579af7e31e1fe9fe26404d49ac99","","","","#","","","","1700","0","","","","","","","","","0","","ssh","","","IP Asiganada por el sistema","","6.49.17",""
"Edif Altagracia","","Mikrotik","hEX PoE","BSVL/CR8","","Activo","","True","","True","","","new","core","","","","","","","","","mk","","BSVL/CR8 (YourCompany)","","","","","","","","","","","","","","__export__.isp_core_162_9d66fcfa","","","","0.0","0.0","ayni_networks.mk","","","__export__.isp_node_35_c0b750fd","","","0","0","","","94656d830c49628f76fd424e0b48349b1d3ed330","","","","#","","","","1700","0","","","","","","","","","0","","ssh","","","IP Asiganada por el sistema","","6.49.18",""
"EdifParqueManfredys","","Mikrotik","hEX","BSVL/CR9","","Activo","","True","","True","","","new","core","","","","","","","","","mk","","BSVL/CR9 (YourCompany)","","","","","","","","","","","","","","__export__.isp_core_163_c6f6c8e9","","","","0.0","0.0","ayni_networks.mk","","","__export__.isp_node_35_c0b750fd","","","0","0","","","9f7de86fced6aec26e6a34848eeb757b196d4f8d","","","","#","","","","1700","0","","","","","","","","","0","","ssh","","","IP Asiganada por el sistema","","6.46.3",""
"EdifTulipan","","Mikrotik","hEX","BSVL/CR10","","Activo","","True","","True","","","new","core","","","","","","","","","mk","","BSVL/CR10 (YourCompany)","","","","","","","","","","","","","","__export__.isp_core_164_bf3d1e24","","","","0.0","0.0","ayni_networks.mk","","","__export__.isp_node_35_c0b750fd","","","0","0","","","6d637f7e6721ef4ba8db05e71817ad8f7fd27183","","","","#","","","","1700","0","","","","","","","","","0","","ssh","","","IP Asiganada por el sistema","","6.49.17",""
"Edif Castol","","Mikrotik","hEX","BSVL/CR11","","Activo","","True","","True","","","new","core","","","","","","","","","mk","","BSVL/CR11 (YourCompany)","","","","","","","","","","","","","","__export__.isp_core_165_32ce84b4","","","","0.0","0.0","ayni_networks.mk","","","__export__.isp_node_35_c0b750fd","","","0","0","","","bb774f7d7b54c4cb5996031ff97505fd91c44f70","","","","#","","","","1700","0","","","","","","","","","0","","ssh","","","IP Asiganada por el sistema","","6.49.17",""
"EdifAntares","","Mikrotik","hEX","BSVL/CR12","","Activo","","True","","True","","","new","core","","","","","","","","","mk","","BSVL/CR12 (YourCompany)","","","","","","","","","","","","","","__export__.isp_core_166_95fa96a8","","","","0.0","0.0","ayni_networks.mk","","","__export__.isp_node_35_c0b750fd","","","0","0","","","bc495d3ef4b53710ca9cf86e4b220a041ecc9056","","","","#","","","","1700","0","","","","","","","","","0","","ssh","","","IP Asiganada por el sistema","","6.49.17",""
"EdifSanGabriel","","Mikrotik","hEX","BSVL/CR13","","Activo","","True","","True","","","new","core","","","","","","","","","mk","","BSVL/CR13 (YourCompany)","","","","","","","","","","","","","","__export__.isp_core_167_7956b302","","","","0.0","0.0","ayni_networks.mk","","","__export__.isp_node_35_c0b750fd","","","0","0","","","6af83635657abd5971b94a311a98d0eb728a6d16","","","","#","","","","1700","0","","","","","","","","","0","","ssh","","","IP Asiganada por el sistema","","6.49.17",""
"CBM","","Mikrotik","RB4011iGS+","CBM/CR1","","Activo","","True","","True","","","new","core","","","","","","","","","mk","","CBM/CR1 (YourCompany)","","","","","","","","","","","","","","__export__.isp_core_168_3a7e1443","","","","0.0","0.0","ayni_networks.mk","","","__export__.isp_node_24_d298fbca","","","0","0","","","c22f3d87d0dfb2d2023ecb656f206a7d89de3330","","","","#","","","","1700","0","","","","","","","","","0","","ssh","","","IP Asiganada por el sistema","","6.49.17",""
"EdfPortalAlameda","","Mikrotik","RB2011UiAS","CBM/CR2","","Activo","","True","","True","","","new","core","","","","","","","","","mk","","CBM/CR2 (YourCompany)","","","","","","","","","","","","","","__export__.isp_core_169_7960f7f8","","","","0.0","0.0","ayni_networks.mk","","","__export__.isp_node_24_d298fbca","","","0","0","","","0448783911955beb364831f6ab9b9072a4c2d52f","","","","#","","","","1700","0","","","","","","","","","0","","ssh","","","IP Asiganada por el sistema","","6.49.17",""
"QtaClarimar","","Mikrotik","hEX","CIMA/CR1","","Down","","True","","True","","","new","core","","","","","","","","","mk","","CIMA/CR1 (YourCompany)","","","","","","","","","","","","","","__export__.isp_core_170_62f231ed","","","","0.0","0.0","ayni_networks.mk","","","__export__.isp_node_23_542ed46d","","","0","0","","","0260f07462449aae998b6b0e002b114374e90cd1","","","","#","","","","1700","0","","","","","","","","","0","","ssh","","","IP Asiganada por el sistema","","6.49.15",""
"EdfLosProceres","","Mikrotik","hEX","CIMA/CR2","","Activo","","True","","True","","","new","core","","","","","","","","","mk","","CIMA/CR2 (YourCompany)","","","","","","","","","","","","","","__export__.isp_core_171_15e92f93","","","","0.0","0.0","ayni_networks.mk","","","__export__.isp_node_23_542ed46d","","","0","0","","","e6e06196f4e3c0402000c5d52a16824092ae5b45","","","","#","","","","1700","0","","","","","","","","","0","","ssh","","","IP Asiganada por el sistema","","6.49.17",""
"CCMMLB","","Mikrotik","hEX","CIMA/CR3","","Activo","","True","","True","","","new","core","","","","","","","","","mk","","CIMA/CR3 (YourCompany)","","","","","","","","","","","","","","__export__.isp_core_172_d6664dce","","","","0.0","0.0","ayni_networks.mk","","","__export__.isp_node_23_542ed46d","","","0","0","","","7da87893ef4da6b2ba84570a6e3cd1b21b08ef69","","","","#","","","","1700","0","","","","","","","","","0","","ssh","","","IP Asiganada por el sistema","","6.49.17",""
"EdifCima","","Mikrotik","CCR2004-16G-2S+","CIMA/CR4","","Activo","","True","","True","","","new","core","","","","","","","","","mk","","CIMA/CR4 (YourCompany)","","","","","","","","","","","","","","__export__.isp_core_173_46dd6250","","","","0.0","0.0","ayni_networks.mk","","","__export__.isp_node_23_542ed46d","","","0","0","","","89a5acb1a8d17cbf6330a8bac27ab5d7fa1a1f33","","","","#","","","","1700","0","","","","","","","","","0","","ssh","","","IP Asiganada por el sistema","","7.16.1",""
"Coche","","Mikrotik","RB4011iGS+","COCH/CR2","","Activo","","True","","True","","","new","core","","","","","","","","","mk","","COCH/CR2 (YourCompany)","","","","","","","","","","","","","","__export__.isp_core_174_a6585bf4","","","","0.0","0.0","ayni_networks.mk","","","__export__.isp_node_37_4c1f810c","","","0","0","","","6c333b13d2513737ddb34ffdbc507201c14777c1","","","","#","","","","1700","0","","","","","","","","","0","","ssh","","","IP Asiganada por el sistema","","7.6",""
"EdifRoble","","Mikrotik","hEX","COCH/CR3","","Activo","","True","","True","","","new","core","","","","","","","","","mk","","COCH/CR3 (YourCompany)","","","","","","","","","","","","","","__export__.isp_core_175_dd997da9","","","","0.0","0.0","ayni_networks.mk","","","__export__.isp_node_37_4c1f810c","","","0","0","","","954a810bc165fe9633914c4c98e85c64b401ae90","","","","#","","","","1700","0","","","","","","","","","0","","ssh","","","IP Asiganada por el sistema","","6.46.4",""
"EdifJuanBautista","","Mikrotik","hEX","COCH/CR4","","Activo","","True","","True","","","new","core","","","","","","","","","mk","","COCH/CR4 (YourCompany)","","","","","","","","","","","","","","__export__.isp_core_176_fa5736ba","","","","0.0","0.0","ayni_networks.mk","","","__export__.isp_node_37_4c1f810c","","","0","0","","","4c0cfeb1ed6ed4be6d0d1354b73c407684c2d0e7","","","","#","","","","1700","0","","","","","","","","","0","","ssh","","","IP Asiganada por el sistema","","6.46.3",""
"ResdParaguaipoa","","Mikrotik","hEX","COCH/CR5","","Activo","","True","","True","","","new","core","","","","","","","","","mk","","COCH/CR5 (YourCompany)","","","","","","","","","","","","","","__export__.isp_core_177_841dd484","","","","0.0","0.0","ayni_networks.mk","","","__export__.isp_node_37_4c1f810c","","","0","0","","","a261fc14ade9ef274287ee5e55fa693db2a9295f","","","","#","","","","1700","0","","","","","","","","","0","","ssh","","","IP Asiganada por el sistema","","6.46.3",""
"EdifGuamo","","Mikrotik","hEX","COCH/CR6","","Activo","","True","","True","","","new","core","","","","","","","","","mk","","COCH/CR6 (YourCompany)","","","","","","","","","","","","","","__export__.isp_core_178_32a17a66","","","","0.0","0.0","ayni_networks.mk","","","__export__.isp_node_37_4c1f810c","","","0","0","","","ceb272b5edd9954b53e37f93668c9c7e870aa520","","","","#","","","","1700","0","","","","","","","","","0","","ssh","","","IP Asiganada por el sistema","","6.46.3",""
"Cumbres","","Mikrotik","RB4011iGS+","CUMB/CR1","","Activo","","True","","True","","","new","core","","","","","","","","","mk","","CUMB/CR1 (YourCompany)","","","","","","","","","","","","","","__export__.isp_core_179_5a7cd070","","","","0.0","0.0","ayni_networks.mk","","","__export__.isp_node_25_f1f3e734","","","0","0","","","1ea94deed6f08d386ffd05ee8274152398e64b63","","","","#","","","","1700","0","","","","","","","","","0","","ssh","","","IP Asiganada por el sistema","","6.49.17",""
"EdfSantaAna","","Mikrotik","hEX","CUMB/CR2","","Down","","True","","True","","","new","core","","","","","","","","","mk","","CUMB/CR2 (YourCompany)","","","","","","","","","","","","","","__export__.isp_core_180_4320150e","","","","0.0","0.0","ayni_networks.mk","","","__export__.isp_node_25_f1f3e734","","","0","0","","","ddec24331f92765aa0881c7576078a4423b80c65","","","","#","","","","1700","0","","","","","","","","","0","","ssh","","","IP Asiganada por el sistema","","6.49.17",""
"EdfMariaRosa","","Mikrotik","hEX","CUMB/CR3","","Activo","","True","","True","","","new","core","","","","","","","","","mk","","CUMB/CR3 (YourCompany)","","","","","","","","","","","","","","__export__.isp_core_181_622a876e","","","","0.0","0.0","ayni_networks.mk","","","__export__.isp_node_25_f1f3e734","","","0","0","","","a822874d12e25c4cd2434562ad84564057f168c1","","","","#","","","","1700","0","","","","","","","","","0","","ssh","","","IP Asiganada por el sistema","","6.49.17",""
"EdifAries","","Mikrotik","hEX","CUMB/CR4","","Activo","","True","","True","","","new","core","","","","","","","","","mk","","CUMB/CR4 (YourCompany)","","","","","","","","","","","","","","__export__.isp_core_182_87a68fe9","","","","0.0","0.0","ayni_networks.mk","","","__export__.isp_node_25_f1f3e734","","","0","0","","","e096ea59463754bfb13aa0a13ee06c445ca34e98","","","","#","","","","1700","0","","","","","","","","","0","","ssh","","","IP Asiganada por el sistema","","6.49.17",""
"EdfKaramakata","","Mikrotik","hEX","CUMB/CR5","","Activo","","True","","True","","","new","core","","","","","","","","","mk","","CUMB/CR5 (YourCompany)","","","","","","","","","","","","","","__export__.isp_core_183_4884c867","","","","0.0","0.0","ayni_networks.mk","","","__export__.isp_node_25_f1f3e734","","","0","0","","","9abcd87c27be2e53cc09e9cd5c71043f4c86e408","","","","#","","","","1700","0","","","","","","","","","0","","ssh","","","IP Asiganada por el sistema","","6.49.17",""
"DoralCentro","","Mikrotik","CCR2004-16G-2S+","DORA/CR1","","Activo","","True","","True","","","new","core","","","","","","","","","mk","","DORA/CR1 (YourCompany)","","","","","","","","","","","","","","__export__.isp_core_184_82679b61","","","","0.0","0.0","ayni_networks.mk","","","__export__.isp_node_26_8dcad79f","","","0","0","","","dd87ac2bd422c240f0650447c8eb4403c5f18a1f","","","","#","","","","1700","0","","","","","","","","","0","","ssh","","","IP Asiganada por el sistema","","7.16.2",""
"ResidDanoral","","Mikrotik","hEX","DORA/CR2","","Activo","","True","","True","","","new","core","","","","","","","","","mk","","DORA/CR2 (YourCompany)","","","","","","","","","","","","","","__export__.isp_core_185_f135bf80","","","","0.0","0.0","ayni_networks.mk","","","__export__.isp_node_26_8dcad79f","","","0","0","","","cd1203779a5589dbd5e5b22c3fa9f0791cabda15","","","","#","","","","1700","0","","","","","","","","","0","","ssh","","","IP Asiganada por el sistema","","6.49.17",""
"EdifGranoral","","Mikrotik","hEX","DORA/CR3","","Activo","","True","","True","","","new","core","","","","","","","","","mk","","DORA/CR3 (YourCompany)","","","","","","","","","","","","","","__export__.isp_core_186_985d9b83","","","","0.0","0.0","ayni_networks.mk","","","__export__.isp_node_26_8dcad79f","","","0","0","","","19dd9745c24ea876e506958af1b091431a79422a","","","","#","","","","1700","0","","","","","","","","","0","","ssh","","","IP Asiganada por el sistema","","6.49.17",""
"EdifLarris","","Mikrotik","hEX","DORA/CR4","","Activo","","True","","True","","","new","core","","","","","","","","","mk","","DORA/CR4 (YourCompany)","","","","","","","","","","","","","","__export__.isp_core_187_dc463e26","","","","0.0","0.0","ayni_networks.mk","","","__export__.isp_node_26_8dcad79f","","","0","0","","","bab7798a51c5ecc62dc1c6134273ee44507b2dbb","","","","#","","","","1700","0","","","","","","","","","0","","ssh","","","IP Asiganada por el sistema","","6.49.17",""
"EdifDonCamilo","","Mikrotik","hEX","DORA/CR5","","Activo","","True","","True","","","new","core","","","","","","","","","mk","","DORA/CR5 (YourCompany)","","","","","","","","","","","","","","__export__.isp_core_188_c71da54e","","","","0.0","0.0","ayni_networks.mk","","","__export__.isp_node_26_8dcad79f","","","0","0","","","8993f4423620fd25ecf672a868f3284e56e5ab1c","","","","#","","","","1700","0","","","","","","","","","0","","ssh","","","IP Asiganada por el sistema","","6.49.17",""
"EdifAlmosny","","Mikrotik","hEX","DORA/CR6","","Activo","","True","","True","","","new","core","","","","","","","","","mk","","DORA/CR6 (YourCompany)","","","","","","","","","","","","","","__export__.isp_core_189_ff959160","","","","0.0","0.0","ayni_networks.mk","","","__export__.isp_node_26_8dcad79f","","","0","0","","","968e01fd2ee094a23904e0eaf17faf82b5d7e4b0","","","","#","","","","1700","0","","","","","","","","","0","","ssh","","","IP Asiganada por el sistema","","6.49.17",""
"HaHumboldtB","","Mikrotik","CCR2004-16G-2S+","HCHB/CR2","","Down","","True","","True","","","new","core","","","","","","","","","mk","","HCHB/CR2 (YourCompany)","","","","","","","","","","","","","","__export__.isp_core_190_e41592c3","","","","0.0","0.0","ayni_networks.mk","","","__export__.isp_node_38_b7eb6362","","","0","0","","","0d0dea0102facecf227328ef19b5751220043a89","","","","#","","","","1700","0","","","","","","","","","0","","ssh","","","IP Asiganada por el sistema","","7.16.1",""
"EdifHumaco","","Mikrotik","hEX","HCHB/CR3","","Activo","","True","","True","","","new","core","","","","","","","","","mk","","HCHB/CR3 (YourCompany)","","","","","","","","","","","","","","__export__.isp_core_191_430c22cd","","","","0.0","0.0","ayni_networks.mk","","","__export__.isp_node_38_b7eb6362","","","0","0","","","70f428ccd1961ca0808fd668ac3c5772759ab16a","","","","#","","","","1700","0","","","","","","","","","0","","ssh","","","IP Asiganada por el sistema","","6.49.17",""
"EdifAmalia","","Mikrotik","hEX","HCHB/CR4","","Activo","","True","","True","","","new","core","","","","","","","","","mk","","HCHB/CR4 (YourCompany)","","","","","","","","","","","","","","__export__.isp_core_192_77c6cbb9","","","","0.0","0.0","ayni_networks.mk","","","__export__.isp_node_38_b7eb6362","","","0","0","","","a3f63ff5f16069f505979596e5e6ac0889284cf1","","","","#","","","","1700","0","","","","","","","","","0","","ssh","","","IP Asiganada por el sistema","","6.49.17",""
"EdifEnevolucion","","Mikrotik","hEX","HCHB/CR5","","Activo","","True","","True","","","new","core","","","","","","","","","mk","","HCHB/CR5 (YourCompany)","","","","","","","","","","","","","","__export__.isp_core_193_d76bb171","","","","0.0","0.0","ayni_networks.mk","","","__export__.isp_node_38_b7eb6362","","","0","0","","","TzKraVpD9mSgfRsB6djUq3","","","","#","","","","1700","0","","","","","","","","","0","","ssh","","","IP Asiganada por el sistema","","6.49.17",""
"HotelMilenio","","Mikrotik","RB4011iGS+","HTML/CR1","","Down","","True","","True","","","new","core","","","","","","","","","mk","","HTML/CR1 (YourCompany)","","","","","","","","","","","","","","__export__.isp_core_194_23bb85aa","","","","0.0","0.0","ayni_networks.mk","","","__export__.isp_node_27_db4b7151","","","0","0","","","5cbc39a8f324ea3e8c31f3521eab0a3ac5a52a6e","","","","#","","","","1700","0","","","","","","","","","0","","ssh","","","IP Asiganada por el sistema","","7.16.1",""
"EdfUlises","","Mikrotik","hEX","HTML/CR2","","Activo","","True","","True","","","new","core","","","","","","","","","mk","","HTML/CR2 (YourCompany)","","","","","","","","","","","","","","__export__.isp_core_195_37495575","","","","0.0","0.0","ayni_networks.mk","","","__export__.isp_node_27_db4b7151","","","0","0","","","f8952710785d5c7ee4b77a25967990412c6e9fbc","","","","#","","","","1700","0","","","","","","","","","0","","ssh","","","IP Asiganada por el sistema","","6.49.17",""
"EdfSanDiego","","Mikrotik","hEX","HTML/CR3","","Activo","","True","","True","","","new","core","","","","","","","","","mk","","HTML/CR3 (YourCompany)","","","","","","","","","","","","","","__export__.isp_core_196_45ec6d2a","","","","0.0","0.0","ayni_networks.mk","","","__export__.isp_node_27_db4b7151","","","0","0","","","b941d12c2f9d41ca75f26f8bf13f8eae4148b0c4","","","","#","","","","1700","0","","","","","","","","","0","","ssh","","","IP Asiganada por el sistema","","6.49.17",""
"LlaecoB","","Mikrotik","hEX","HTML/CR4","","Activo","","True","","True","","","new","core","","","","","","","","","mk","","HTML/CR4 (YourCompany)","","","","","","","","","","","","","","__export__.isp_core_197_e298af22","","","","0.0","0.0","ayni_networks.mk","","","__export__.isp_node_27_db4b7151","","","0","0","","","c6608f411ebc20be9059dcbecd134cfce3193dc6","","","","#","","","","1700","0","","","","","","","","","0","","ssh","","","IP Asiganada por el sistema","","6.49.17",""
"IglesiaSanPedro","","Mikrotik","CCR2004-16G-2S+","ISP/CR1","","Activo","","True","","True","","","new","core","","","","","","","","","mk","","ISP/CR1 (YourCompany)","","","","","","","","","","","","","","__export__.isp_core_198_f8e3f450","","","","0.0","0.0","ayni_networks.mk","","","__export__.isp_node_28_1ac09405","","","0","0","","","8a4ca66d139f319c4e74d5b563072ee2a50ee0f0","","","","#","","","","1700","0","","","","","","","","","0","","ssh","","","IP Asiganada por el sistema","","7.16.1",""
"EdifSanPedro","","Mikrotik","hEX","ISP/CR2","","Activo","","True","","True","","","new","core","","","","","","","","","mk","","ISP/CR2 (YourCompany)","","","","","","","","","","","","","","__export__.isp_core_199_77992175","","","","0.0","0.0","ayni_networks.mk","","","__export__.isp_node_28_1ac09405","","","0","0","","","2b938573b246a0be0160e4f69df96ddfa35bd381","","","","#","","","","1700","0","","","","","","","","","0","","ssh","","","IP Asiganada por el sistema","","6.49.17",""
"EdifCodazzi","","Mikrotik","hEX","ISP/CR3","","Activo","","True","","True","","","new","core","","","","","","","","","mk","","ISP/CR3 (YourCompany)","","","","","","","","","","","","","","__export__.isp_core_200_336cb55b","","","","0.0","0.0","ayni_networks.mk","","","__export__.isp_node_28_1ac09405","","","0","0","","","7293c8b4aebdc27fc978dea06873342cb1ebb324","","","","#","","","","1700","0","","","","","","","","","0","","ssh","","","IP Asiganada por el sistema","","6.49.17",""
"EdifDonCruz","","Mikrotik","hEX","ISP/CR4","","Activo","","True","","True","","","new","core","","","","","","","","","mk","","ISP/CR4 (YourCompany)","","","","","","","","","","","","","","__export__.isp_core_201_9117fdcf","","","","0.0","0.0","ayni_networks.mk","","","__export__.isp_node_28_1ac09405","","","0","0","","","d3a85ceeb8d35a48b6e14dc5cb5d18e93fc5d285","","","","#","","","","1700","0","","","","","","","","","0","","ssh","","","IP Asiganada por el sistema","","6.49.17",""
"LaMansion","172.16.255.6","Mikrotik","RB4011iGS+","MANS/CR4","21000","Activo","lmoraperez","True","","True","","","new","core","","","","","","","","","mk","","MANS/CR4 (YourCompany)","","","","","","","","6.49.17 (stable)","","","","","","__export__.isp_core_202_f0af1943","","","","0.0","0.0","ayni_networks.mk","","","__export__.isp_node_29_6e79ffc9","","","0","0","","DYhVl9vw4i","1ace8c8ecafb03961c76bbed8719afe22e99a36b","","","","#","","","","1700","0","","","","","","D4490DFDC446","","","0","","ssh","","","IP Asiganada por el sistema","","6.49.17",""
"ParquePradoA","","Mikrotik","hEX","MANS/CR2","","Down","","True","","True","","","new","core","","","","","","","","","mk","","MANS/CR2 (YourCompany)","","","","","","","","","","","","","","__export__.isp_core_203_5a42e13e","","","","0.0","0.0","ayni_networks.mk","","","__export__.isp_node_29_6e79ffc9","","","0","0","","","ecef2580a5c4d72c07ff7e2ee0f53ff678ad9ceb","","","","#","","","","1700","0","","","","","","","","","0","","ssh","","","IP Asiganada por el sistema","","6.49.17",""
"PradoHumboldt","","Mikrotik","RB750Pr2","MANS/CR3","","Down","","True","","True","","","new","core","","","","","","","","","mk","","MANS/CR3 (YourCompany)","","","","","","","","","","","","","","__export__.isp_core_204_495f92f6","","","","0.0","0.0","ayni_networks.mk","","","__export__.isp_node_29_6e79ffc9","","","0","0","","","7c0432ee00e097be7a4ae6c6cb459ef3e81cc862","","","","#","","","","1700","0","","","","","","","","","0","","ssh","","","IP Asiganada por el sistema","","6.49.17",""
"PDE2","","Mikrotik","RB2011UiAS","PDE/CR1","","Activo","","True","","True","","","new","core","","","","","","","","","mk","","PDE/CR1 (YourCompany)","","","","","","","","","","","","","","__export__.isp_core_205_dc141ce3","","","","0.0","0.0","ayni_networks.mk","","","__export__.isp_node_30_16479017","","","0","0","","","c029f4837a3264922e6e085e212e22c43c88cdf2","","","","#","","","","1700","0","","","","","","","","","0","","ssh","","","IP Asiganada por el sistema","","6.49.17",""
"TorreHumboldt","","Mikrotik","RB4011iGS+","THBO/CR1","","Activo","","True","","True","","","new","core","","","","","","","","","mk","","THBO/CR1 (YourCompany)","","","","","","","","","","","","","","__export__.isp_core_206_755ab21a","","","","0.0","0.0","ayni_networks.mk","","","__export__.isp_node_31_3afcf6a0","","","0","0","","","c07ac4a1a98a47bae86066d8cba003b0cd4207f4","","","","#","","","","1700","0","","","","","","","","","0","","ssh","","","IP Asiganada por el sistema","","7.16.1",""
"ParquePradoB","","Mikrotik","hEX","THBO/CR2","","Activo","","True","","True","","","new","core","","","","","","","","","mk","","THBO/CR2 (YourCompany)","","","","","","","","","","","","","","__export__.isp_core_207_4b44bbc5","","","","0.0","0.0","ayni_networks.mk","","","__export__.isp_node_31_3afcf6a0","","","0","0","","","29df424a6057caa2aad7c90a3b8fde326a667d85","","","","#","","","","1700","0","","","","","","","","","0","","ssh","","","IP Asiganada por el sistema","","6.49.17",""
"Valle","","Mikrotik","hEX","VALL/CR1","","Activo","","True","","True","","","new","core","","","","","","","","","mk","","VALL/CR1 (YourCompany)","","","","","","","","","","","","","","__export__.isp_core_208_5744efd2","","","","0.0","0.0","ayni_networks.mk","","","__export__.isp_node_32_1f2da8e1","","","0","0","","","a1cdfc412628b8b27d9b2affa1545ac296f4e8e2","","","","#","","","","1700","0","","","","","","","","","0","","ssh","","","IP Asiganada por el sistema","","6.49.17",""
"Bloque10","","Mikrotik","hEX","VALL/CR2","","Activo","","True","","True","","","new","core","","","","","","","","","mk","","VALL/CR2 (YourCompany)","","","","","","","","","","","","","","__export__.isp_core_209_d99909ab","","","","0.0","0.0","ayni_networks.mk","","","__export__.isp_node_32_1f2da8e1","","","0","0","","","5b6e5eee7d229165826a5d22c2ce3f0d73626fdb","","","","#","","","","1700","0","","","","","","","","","0","","ssh","","","IP Asiganada por el sistema","","6.49.17",""
"EdifVincenzo","","Mikrotik","RB4011iGS+","VCNZ/CR1","","Down","","True","","True","","","new","core","","","","","","","","","mk","","VCNZ/CR1 (YourCompany)","","","","","","","","","","","","","","__export__.isp_core_210_c7593279","","","","0.0","0.0","ayni_networks.mk","","","__export__.isp_node_33_dc7758a4","","","0","0","","","f27bb21d269b12c86490588d55d0298c39b3aba6","","","","#","","","","1700","0","","","","","","","","","0","","ssh","","","IP Asiganada por el sistema","","6.49.7",""
"EdifDonPedro","","Mikrotik","RB750Gr3","VCNZ/CR2","","Activo","","True","","True","","","new","core","","","","","","","","","mk","","VCNZ/CR2 (YourCompany)","","","","","","","","","","","","","","__export__.isp_core_212_45285f00","","","","0.0","0.0","ayni_networks.mk","","","__export__.isp_node_33_dc7758a4","","","0","0","","","e7c7bb46628701b630b2918fff46f40159184c3d","","","","#","","","","1700","0","","","","","","","","","0","","ssh","","","IP Asiganada por el sistema","","6.49.17",""
"Access-Carapita-01","","Mikrotik","CCR2004-16G-2S+","CRPT/CR2","","Down","","True","","True","","","new","core","","","","","","","","","mk","","CRPT/CR2 (YourCompany)","","","","","","","","","","","","","","__export__.isp_core_217_e53eb720","","","","0.0","0.0","ayni_networks.mk","","","__export__.isp_node_36_3a8b68ad","","","0","0","","","db1c879cde2d2a84badc4150e88b20a4691af950","","","","#","","","","1700","0","","","","","","","","","0","","ssh","","","Inactivo","","7.6",""
"Access-Carapita-02","","Mikrotik","CCR2004-16G-2S+","CRPT/CR3","","Down","","True","","True","","","new","core","","","","","","","","","mk","","CRPT/CR3 (YourCompany)","","","","","","","","","","","","","","__export__.isp_core_218_43f37ae1","","","","0.0","0.0","ayni_networks.mk","","","__export__.isp_node_36_3a8b68ad","","","0","0","","","f96df4c9f52c1f30a2deb9f141f546dec073b8b7","","","","#","","","","1700","0","","","","","","","","","0","","ssh","","","Inactivo","","7.6",""
"Access-Carapita-03","","Mikrotik","CCR2116-12G-4S+","CRPT/CR4","","Down","","True","","True","","","new","core","","","","","","","","","mk","","CRPT/CR4 (YourCompany)","","","","","","","","","","","","","","__export__.isp_core_219_fc32ff30","","","","0.0","0.0","ayni_networks.mk","","","__export__.isp_node_36_3a8b68ad","","","0","0","","","WNuemzgH4yQw32rcf8RqUv","","","","#","","","","1700","0","","","","","","","","","0","","ssh","","","Inactivo","","7.16.1",""
"EdifSanMiguel","","Mikrotik","RB750Gr3","BSVL/CR14","","Down","","True","","True","","","new","core","","","","","","","","","mk","","BSVL/CR14 (YourCompany)","","","","","","","","","","","","","","__export__.isp_core_222_81fd057c","","","","0.0","0.0","ayni_networks.mk","","","__export__.isp_node_35_c0b750fd","","","0","0","","","a92875da7d47cd8869aaf35dd55d699f499b35c0","","","","#","","","","1700","0","","","","","","","","","0","","ssh","","","IP Asiganada por el sistema","","6.49.17",""
"Access-LaPaz-01","","Mikrotik","CCR2004-16G-2S+","LPAZ/CR2","","Down","","True","","True","","","new","core","","","","","","","","","mk","","LPAZ/CR2 (YourCompany)","","","","","","","","","","","","","","__export__.isp_core_225_4a7c90a6","","","","0.0","0.0","ayni_networks.mk","","","__export__.isp_node_39_ae08259d","__export__.isp_node_39_ae08259d","","0","0","","","PY8xFS4vDa8oTo8","","","","#","","","","1700","0","","","","","","","","","0","","ssh","","","Inactivo","","7.16",""
"Access-LaPaz-02","","Mikrotik","CCR2004-16G-2S+","LPAZ/CR3","","Down","","True","","True","","","new","core","","","","","","","","","mk","","LPAZ/CR3 (YourCompany)","","","","","","","","","","","","","","__export__.isp_core_226_e5ea0803","","","","0.0","0.0","ayni_networks.mk","","","__export__.isp_node_39_ae08259d","__export__.isp_node_39_ae08259d","","0","0","","","qMosX8nuSEk07NQ","","","","#","","","","1700","0","","","","","","","","","0","","ssh","","","Inactivo","","7.16",""
"Access-Coche-02","","Mikrotik","CCR2004-16G-2S+","COCH/CR7","","Down","","True","","True","","","new","core","","","","","","","","","mk","","COCH/CR7 (YourCompany)","","","","","","","","","","","","","","__export__.isp_core_227_f463e8b4","","","","0.0","0.0","ayni_networks.mk","","","__export__.isp_node_37_4c1f810c","","","0","0","","","ajJpsYQuhZqGgkPr8XcE5S","","","","#","","","","1700","0","","","","","","","","","0","","ssh","","","Inactivo","","7.16",""
"Access-Altagracia-01","","Mikrotik","CCR2004-16G-2S+","ALTG/CR2","","Down","","True","","True","","","new","core","","","","","","","","","mk","","ALTG/CR2 (YourCompany)","","","","","","","","","","","","","","__export__.isp_core_229_72de57e1","","","","0.0","0.0","ayni_networks.mk","","","__export__.isp_node_34_cc0a003f","","","0","0","","","j2WrZdzJEBkvufLQ9UXRTPMy6shGn4cgVYmSbAN7","","","","#","","","","1700","0","","","","","","","","","0","","ssh","","","Inactivo","","7.16.2",""
"MiniCentroZagala","","Mikrotik","Hex","BSVL/CR15","","Down","","True","","True","","","new","core","","","","","","","","","mk","","BSVL/CR15 (YourCompany)","","","","","","","","","","","","","","__export__.isp_core_230_63389997","","","","0.0","0.0","ayni_networks.mk","","","__export__.isp_node_35_c0b750fd","","","0","0","","","LzGMtJWPxBSKvQsNkp9dDm","","","","#","","","","1700","0","","","","","","","","","0","","ssh","","","IP Asiganada por el sistema","","6.49.13",""
"Access-Carapita-04","","Mikrotik","CCR2004-16G-2S+","CRPT/CR5","","Down","","True","","True","","","new","core","","","","","","","","","mk","","CRPT/CR5 (YourCompany)","","","","","","","","","","","","","","__export__.isp_core_231_3cb2a4c4","","","","0.0","0.0","ayni_networks.mk","","","__export__.isp_node_36_3a8b68ad","","","0","0","","","pfbwQXFL4k7MrUNZdv8jPe","","","","#","","","","1700","0","","","","","","","","","0","","ssh","","","Inactivo","","7.16.2",""
"EdifAvila","","Mikrotik","hEX","DORA/CR7","","Down","","True","","True","","","new","core","","","","","","","","","mk","","DORA/CR7 (YourCompany)","","","","","","","","","","","","","","__export__.isp_core_232_c9ac5ec8","","","","0.0","0.0","ayni_networks.mk","","","__export__.isp_node_26_8dcad79f","","","0","0","","","Spfj7A3RvWNB8rzLYePuHM","","","","#","","","","1700","0","","","","","","","","","0","","ssh","","","IP Asiganada por el sistema","","6.49.13",""
"EdifGuamacho","","Mikrotik","hEX","COCH/CR8","","Down","","True","","True","","","new","core","","","","","","","","","mk","","COCH/CR8 (YourCompany)","","","","","","","","","","","","","","__export__.isp_core_233_eb4a6a6f","","","","0.0","0.0","ayni_networks.mk","","","__export__.isp_node_37_4c1f810c","","","0","0","","","WBJnuT9Q5tPrw682F7XAex","","","","#","","","","1700","0","","","","","","","","","0","","ssh","","","IP Asiganada por el sistema","","6.49.13",""
"","","Mikrotik","","v","","Down","","","","True","","","new","core","","","","","","","","","","","v (YourCompany)","","","","","","","","","","","","","","__export__.isp_core_234_ee473c99","","","","0.0","0.0","ayni_networks.mk","","","","","","0","0","","","","","","","#","","True","","","0","","","","","","","","","0","","ssh","","","Inactivo","","",""
"EdifPetrarca","","Mikrotik","hEX","HCHB/CR6","","Down","","True","","True","","","new","core","","","","","","","","","mk","","HCHB/CR6 (YourCompany)","","","","","","","","","","","","","","__export__.isp_core_235_f406d27e","","","","0.0","0.0","ayni_networks.mk","","","__export__.isp_node_38_b7eb6362","","","0","0","","","sAKW9kZBagjnQrFMy6TSGh","","","","#","","","","1700","0","","","","","","","","","0","","ssh","","","IP Asiganada por el sistema","","6.49.13",""
"Edif Aconcagua","","Mikrotik","hex","BSVL/CR16","","Down","","True","","True","","","new","core","","","","","","","","","mk","","BSVL/CR16 (YourCompany)","","","","","","","","","","","","","","__export__.isp_core_236_44c71bd9","","","","0.0","0.0","ayni_networks.mk","","","__export__.isp_node_35_c0b750fd","","","0","0","","","SxTeH9JFtaWszYhm3nPMQE","","","","#","","","","1700","0","","","","","","","","","0","","ssh","","","IP Asiganada por el sistema","","6.49.17",""
"","","Mikrotik","","Access-Carapita-02","","Down","","","","True","","","new","core","","","","","","","","","","","Access-Carapita-02 (YourCompany)","","","","","","","","","","","","","","__export__.isp_core_237_a45b362c","","","","0.0","0.0","ayni_networks.mk","","","","","","0","0","","","","","","","#","","True","","","0","","","","","","","","","0","","ssh","","","Inactivo","","",""
"Access-Brisavila-01","","Mikrotik","CCR2116-12G-4G+","BSVL/CR17","","Down","","True","","True","","","new","core","","","","","","","","","mk","","BSVL/CR17 (YourCompany)","","","","","","","","","","","","","","__export__.isp_core_238_1d68c6b4","","","","0.0","0.0","ayni_networks.mk","","","__export__.isp_node_35_c0b750fd","__export__.isp_node_35_c0b750fd","","0","0","","","TzKraVpD9mSgfRsB6djUq3","","","","#","","","","1700","0","","","","","","","","","0","","ssh","","","Inactivo","","7.16.2",""
"Access-Brisavila-02","","Mikrotik","CCR2116-12G-4G+","BSVL/CR18","","Down","","True","","True","","","new","core","","","","","","","","","mk","","BSVL/CR18 (YourCompany)","","","","","","","","","","","","","","__export__.isp_core_239_0c0d11fe","","","","0.0","0.0","ayni_networks.mk","","","__export__.isp_node_35_c0b750fd","","","0","0","","","sBNHWMeE87rbfQgYRwtU4j","","","","#","","","","1700","0","","","","","","","","","0","","ssh","","","Inactivo","","7.16.2",""
"EdifPrisma","","Mikrotik","hEX","HCHB/CR7","","Down","","True","","True","","","new","core","","","","","","","","","mk","","HCHB/CR7 (YourCompany)","","","","","","","","","","","","","","__export__.isp_core_240_9bd0cbd6","","","","0.0","0.0","ayni_networks.mk","","","__export__.isp_node_38_b7eb6362","","","0","0","","","TzKraVpD9mSgfRsB6djUq3","","","","#","","True","","1700","0","","","","","","","","","0","","ssh","","","IP Asiganada por el sistema","","6.49.14",""
"Edif Madrid","","Mikrotik","Hex","BSVL/CR19","","Down","","True","","True","","","new","core","","","","","","","","","mk","","BSVL/CR19 (YourCompany)","","","","","","","","","","","","","","__export__.isp_core_241_89c7d585","","","","0.0","0.0","ayni_networks.mk","","","__export__.isp_node_35_c0b750fd","","","0","0","","","YzaL8krBV7yT3up6Xte5MU","","","","#","","","","1700","0","","","","","","","","","0","","ssh","","","IP Asiganada por el sistema","","6.49.18",""
"Torre Jadim","","Mikrotik","Hex","DORA/CR8","","Down","","True","","True","","","new","core","","","","","","","","","mk","","DORA/CR8 (YourCompany)","","","","","","","","","","","","","","__export__.isp_core_242_bbfa5603","","","","0.0","0.0","ayni_networks.mk","","","__export__.isp_node_26_8dcad79f","","","0","0","","","pREc58fhK9SaQAe24UBZXs","","","","#","","","","1700","0","","","","","","","","","0","","ssh","","","IP Asiganada por el sistema","","6.49.7",""
"Edif Morichal","","Mikrotik","Hex","DORA/CR9","","Down","","True","","True","","","new","core","","","","","","","","","mk","","DORA/CR9 (YourCompany)","","","","","","","","","","","","","","__export__.isp_core_243_3086deb4","","","","0.0","0.0","ayni_networks.mk","","","__export__.isp_node_26_8dcad79f","","","0","0","","","c7QXS8G4K9sBaUnMVNz5mq","","","","#","","","","1700","0","","","","","","","","","0","","ssh","","","IP Asiganada por el sistema","","6.49.18",""
"Edif Llaeco torre A","","Mikrotik","Hex","HTML/CR5","","Down","","True","","True","","","new","core","","","","","","","","","mk","","HTML/CR5 (YourCompany)","","","","","","","","","","","","","","__export__.isp_core_244_07859d8b","","","","0.0","0.0","ayni_networks.mk","","","__export__.isp_node_27_db4b7151","","","0","0","","","RHzkyECNKB5DJn6bY83uhq","","","","#","","","","1700","0","","","","","","","","","0","","ssh","","","IP Asiganada por el sistema","","6.49.18",""
"Edif Brion","","Mikrotik","Hex","DORA/CR10","","Down","","True","","True","","","new","core","","","","","","","","","mk","","DORA/CR10 (YourCompany)","","","","","","","","","","","","","","__export__.isp_core_245_589f8ad2","","","","0.0","0.0","ayni_networks.mk","","","__export__.isp_node_26_8dcad79f","","","0","0","","","aM6ebTDKp2Av8RPgGyChEc","","","","#","","","","1700","0","","","","","","","","","0","","ssh","","","IP Asiganada por el sistema","","6.49.18",""
"Access-Coche-03","","Mikrotik","CCR2004-16G-2S+","COCH/CR9","","Down","","True","","True","","","new","core","","","","","","","","","mk","","COCH/CR9 (YourCompany)","","","","","","","","","","","","","","__export__.isp_core_246_f2ec1763","","","","0.0","0.0","ayni_networks.mk","","","__export__.isp_node_37_4c1f810c","","","0","0","","","CFY3qbDrnEkfGJu6sSejgp","","","","#","","","","1700","0","","","","","","","","","0","","ssh","","","Inactivo","","7.16.2",""
"Access-Coche-04","","Mikrotik","CCR2004-16G-2S+","COCH/CR10","","Down","","True","","True","","","new","core","","","","","","","","","mk","","COCH/CR10 (YourCompany)","","","","","","","","","","","","","","__export__.isp_core_247_5d63da6d","","","","0.0","0.0","ayni_networks.mk","","","__export__.isp_node_37_4c1f810c","","","0","0","","","G2pRWrg4v8YuM7AjzHwU5P","","","","#","","","","","0","","","","","","","","","0","","ssh","","","Inactivo","","7.16.2",""
"","","Mikrotik","","Access-Carapita-0","","Down","","","","True","","","new","core","","","","","","","","","","","Access-Carapita-0 (YourCompany)","","","","","","","","","","","","","","__export__.isp_core_248_e4ed3d43","","","","0.0","0.0","ayni_networks.mk","","","","","","0","0","","","","","","","#","","True","","","0","","","","","","","","","0","","ssh","","","Inactivo","","",""
"Edf Centro Plaza las Mercedes","","Mikrotik","Hex","BSVL/CR20","","Down","","True","","True","","","new","core","","","","","","","","","mk","","BSVL/CR20 (YourCompany)","","","","","","","","","","","","","","__export__.isp_core_249_e967fc5b","","","","0.0","0.0","ayni_networks.mk","","","__export__.isp_node_35_c0b750fd","","","0","0","","","hfvR6BdGb57ctmMCEHDSPg","","","","#","","","","1700","0","","","","","","","","","0","","ssh","","","Inactivo","","",""
"EdifLosChaguaramos","","Mikrotik","hEX","ISP/CR5","","Down","","True","","True","","","new","core","","","","","","","","","mk","","ISP/CR5 (YourCompany)","","","","","","","","","","","","","","__export__.isp_core_250_e7a52080","","","","0.0","0.0","ayni_networks.mk","","","__export__.isp_node_28_1ac09405","","","0","0","","","w6ERX3Q7cTD9urVmvta8Z4nFP","","","","#","","","","1700","0","","","","","","","","","0","","ssh","","","IP Asiganada por el sistema","","6.48.6",""
"Edif Parque Santa Monica","","Mikrotik","hEX","HCHB/CR8","","Down","","True","","True","","","new","core","","","","","","","","","mk","","HCHB/CR8 (YourCompany)","","","","","","","","","","","","","","__export__.isp_core_251_c4148ed7","","","","0.0","0.0","ayni_networks.mk","","","__export__.isp_node_38_b7eb6362","","","0","0","","","rqQJPy5tb2KYhx8Tu9Vs4SZcM","","","","#","","","","1700","0","","","","","","","","","0","","ssh","","","IP Asiganada por el sistema","","6.49.8",""
"Access-Altagracia-02","","Mikrotik","CCR2004-16G-2S+","ALTG/CR3","","Down","","True","","True","","","new","core","","","","","","","","","mk","","ALTG/CR3 (YourCompany)","","","","","","","","","","","","","","__export__.isp_core_252_e166a40c","","","","0.0","0.0","ayni_networks.mk","","","__export__.isp_node_34_cc0a003f","","","0","0","","","fJa8cLwZWYnzs2QV97KNqjhEG","","","","#","","","","1700","0","","","","","","","","","0","","ssh","","","Inactivo","","7.16.1",""
"Edif Yekuana","","Mikrotik","hEX","VSY/CR2","","Down","","True","","True","","","new","core","","","","","","","","","mk","","VSY/CR2 (YourCompany)","","","","","","","","","","","","","","__export__.isp_core_253_ec00caf3","","","","0.0","0.0","ayni_networks.mk","","","__export__.isp_node_114_becf636f","","","0","0","","","nJ5w0OTu5BbnuLhHsfMt","","","","#","","","","1700","0","","","","","","","","","0","","ssh","","","IP Asiganada por el sistema","","6.49.13",""
"Residencias Carlos Escarra Torre A","","Mikrotik","HEX","ISP/CR6","","Down","","True","","True","","","new","core","","","","","","","","","mk","","ISP/CR6 (YourCompany)","","","","","","","","","","","","","","__export__.isp_core_254_56fe33ce","","","","0.0","0.0","ayni_networks.mk","","","__export__.isp_node_28_1ac09405","","","0","0","","","KSeqt49M8rDd","","","","#","","","","1700","0","","","","","","","","","0","","ssh","","","IP Asiganada por el sistema","","6.49.18",""
"Residencias Carlos Escarra Torre B","","Mikrotik","HEX","ISP/CR7","","Down","","True","","True","","","new","core","","","","","","","","","mk","","ISP/CR7 (YourCompany)","","","","","","","","","","","","","","__export__.isp_core_255_52507f66","","","","0.0","0.0","ayni_networks.mk","","","__export__.isp_node_28_1ac09405","","","0","0","","","ep1b1sLOdjGyK5sBlOUD9v","","","","#","","","","1700","0","","","","","","","","","0","","ssh","","","IP Asiganada por el sistema","","",""
"Residencias Carlos Escarra Torre C","","Mikrotik","HEX","ISP/CR8","","Down","","True","","True","","","new","core","","","","","","","","","mk","","ISP/CR8 (YourCompany)","","","","","","","","","","","","","","__export__.isp_core_256_95dc1b0b","","","","0.0","0.0","ayni_networks.mk","","","__export__.isp_node_28_1ac09405","","","0","0","","","raTFrkuGlv7bMlHQfVeJP5","","","","#","","","","1700","0","","","","","","","","","0","","ssh","","","IP Asiganada por el sistema","","",""
"Edif Las Cumbres","","Mikrotik","hEX","HTML/CR6","","Down","","True","","True","","","new","core","","","","","","","","","mk","","HTML/CR6 (YourCompany)","","","","","","","","","","","","","","__export__.isp_core_257_f2863801","","","","0.0","0.0","ayni_networks.mk","","","__export__.isp_node_27_db4b7151","","","0","0","","","xhefGGpsuXryZEdOUwyFbO","","","","#","","True","","1700","0","","","","","","","","","0","","ssh","","","IP Asiganada por el sistema","","6.49.18",""
"Edif Los Moriches","","Mikrotik","hEX","HTML/CR7","","Down","","True","","True","","","new","core","","","","","","","","","mk","","HTML/CR7 (YourCompany)","","","","","","","","","","","","","","__export__.isp_core_258_b7ab0726","","","","0.0","0.0","ayni_networks.mk","","","__export__.isp_node_27_db4b7151","","","0","0","","","yAch7j4iw8Nok0R85l4ebb","","","","#","","True","","1700","0","","","","","","","","","0","","ssh","","","IP Asiganada por el sistema","","6.49.17",""
"","","","","PQCT/CR3","","","","","","True","","","new","core","","","","","","","","","","","PQCT/CR3 (YourCompany)","","","","","","","","","","","","","","__export__.isp_core_2327_cfac13f0","","","True","0.0","0.0","","","","__export__.isp_node_41_6d8bdb77","","","0","0","","","","","","","","","","","","0","","","","","","","","","0","","","","","","","",""
"","","","","PQCT/CR3","","","","True","","True","","","new","core","","","","","","","","","","","PQCT/CR3 (YourCompany)","","","","","","","","","","","","","","__export__.isp_core_2328_48b1f4ae","","","True","0.0","0.0","","","","__export__.isp_node_41_6d8bdb77","","","0","0","","","","","","","","","","","","0","","","","","","","","","0","","","","","","","",""
